{"position": {"y": 0.2867227792739868, "x": 0.22102057933807373, "z": 0.0038614273071289062}, "quaternion": {"y": 0.0, "x": 0.0, "z": 0.0, "w": 1.0}}
{"position": {"y": -1.4528076648712158, "x": 0.5396091938018799, "z": 0.0055599212646484375}, "quaternion": {"y": 0.0, "x": 0.0, "z": 0.0, "w": 1.0}}
{"position": {"y": 0.9701049327850342, "x": 0.2184300422668457, "z": 0.00318145751953125}, "quaternion": {"y": 0.0, "x": 0.0, "z": 0.0, "w": 1.0}}
