{"position": {"y": 0.3093128800392151, "x": -0.6722851991653442, "z": 0.0023136138916015625}, "quaternion": {"y": 0.0, "x": 0.0, "z": 0.0, "w": 1.0}}
{"position": {"y": 0.8248129487037659, "x": -1.5933828353881836, "z": 0.0033483505249023438}, "quaternion": {"y": 0.0, "x": 0.0, "z": 0.0, "w": 1.0}}
{"position": {"y": 1.818448543548584, "x": -2.1634998321533203, "z": 0.004427909851074219}, "quaternion": {"y": 0.0, "x": 0.0, "z": 0.0, "w": 1.0}}
{"position": {"y": -0.14536643028259277, "x": 0.49555808305740356, "z": 0.0011301040649414062}, "quaternion": {"y": 0.0, "x": 0.0, "z": 0.0, "w": 1.0}}
