{"position": {"y": -0.16181421279907227, "x": 0.2541705369949341, "z": 0.0}, "quaternion": {"y": 0.0, "x": 0.0, "z": 0.0, "w": 1.0}}
{"position": {"y": 0.0662081241607666, "x": -2.173802375793457, "z": 0.0}, "quaternion": {"y": 0.0, "x": 0.0, "z": 0.974283220129001, "w": 0.22532688915232574}}
{"position": {"y": 0.02520298957824707, "x": 1.372529149055481, "z": 0.0}, "quaternion": {"y": 0.0, "x": 0.0, "z": 0.9944106435399749, "w": 0.10558158937245238}}
